﻿<?xml version="1.0" encoding="utf-8"?>
<deployment>
  <id>1b3bddef5ebfd3ac778e61fb625fea8f9c7ed779</id>
  <author>pathenk</author>
  <deployer>GitHub</deployer>
  <authorEmail>kontakt@phenkelmann.de</authorEmail>
  <message>lggoing
</message>
  <progress></progress>
  <status>Success</status>
  <statusText></statusText>
  <lastSuccessEndTime>2021-12-19T13:17:12.3552525Z</lastSuccessEndTime>
  <receivedTime>2021-12-19T13:15:52.2666129Z</receivedTime>
  <startTime>2021-12-19T13:15:52.4581066Z</startTime>
  <endTime>2021-12-19T13:17:12.3552525Z</endTime>
  <complete>True</complete>
  <is_temp>False</is_temp>
  <is_readonly>False</is_readonly>
</deployment>