<step title="Incoming Request" date="2021-12-19T12:04:27.204" instance="d9fba3" url="/api/deployments/?api-version=2018-11-01" method="GET" type="request" pid="5512,2,10" Connection="Keep-Alive" Accept-Encoding="gzip, deflate" Accept-Language="en-US" Host="webapp-win-web-staging.scm.azurewebsites.net" Referer="https://management.azure.com/subscriptions/8537ded7-6867-4da0-b182-bb2fe3c7a315/resourceGroups/pathenk/providers/Microsoft.Web/sites/webapp-win-web/slots/staging/deployments?api-version=2018-11-01" x-ms-command-name="fetchDeployments" x-ms-client-session-id="0deef53ef2b644ec9b5499439cb5ea03" x-ms-client-request-id="6d5fdd08-5685-486a-82f9-af3a9dc07e36" x-ms-client-location="germanynorth" x-ms-arm-service-request-id="26f8ab04-c4e0-4ffd-a4e7-6aa351655819" traceparent="00-9477f7f9e9d02b4483c1cfb3f1e3f251-d89f9c734eaa2c42-01" x-ms-activity-vector="IN.01.IN.03" x-ms-arm-request-tracking-id="897d6859-8b3f-46a6-b35d-ad5990896451" x-ms-correlation-request-id="85002e4e-debc-46fd-8f17-4e9b0f461add" x-ms-routing-request-id="GERMANYNORTH:20211219T120424Z:897d6859-8b3f-46a6-b35d-ad5990896451" x-ms-home-tenant-id="dd01ae66-67c3-46f0-b2b6-f441fd73558b" x-ms-client-ip-address="82.207.236.56" x-ms-client-audience="https://management.core.windows.net/" x-ms-client-scope="user_impersonation" x-ms-client-acr="1" x-ms-client-app-id="c44b4083-3bb0-49c1-b47d-974e53cbdf3c" x-ms-client-app-id-acr="2" x-ms-client-tenant-id="dd01ae66-67c3-46f0-b2b6-f441fd73558b" x-ms-client-issuer="https://sts.windows.net/dd01ae66-67c3-46f0-b2b6-f441fd73558b/" x-ms-client-object-id="1c550471-24a7-47eb-abcc-e70d167e9b54" x-ms-client-puid="100320010D6BC546" x-ms-client-alt-sec-id="" x-ms-client-principal-id="100320010D6BC546" x-ms-client-authorization-source="Legacy" x-ms-client-identity-provider="" x-ms-client-authentication-methods="pwd, mfa" x-ms-client-principal-group-membership-source="Token" x-ms-client-family-name-encoded="SGVua2VsbWFubg==" x-ms-client-given-name-encoded="UGF0cmljaw==" x-ms-arm-network-source="PublicNetwork" x-ms-via-extensions-route="true" x-ms-geo-location="Central US" x-ms-version="20140301" x-ms-request-id="40f1afe4-5b88-4e68-9d6b-40bcd3e93096" X-WAWS-Unencoded-URL="/api/deployments/?api-version=2018-11-01" CLIENT-IP="13.89.171.0:14208" X-ARR-LOG-ID="40f1afe4-5b88-4e68-9d6b-40bcd3e93096" X-SITE-DEPLOYMENT-ID="webapp-win-web__3774" WAS-DEFAULT-HOSTNAME="webapp-win-web-staging.scm.azurewebsites.net" X-Forwarded-Proto="https" X-AppService-Proto="https" X-Forwarded-TlsVersion="1.2" >
  <step title="Cleanup Xml Logs" date="2021-12-19T12:04:29.083" /><!-- duration: 1497ms -->
  <step title="DeploymentService.GetCurrentEtag" date="2021-12-19T12:04:31.766" >
    <step title="Current Etag: &quot;cc58d33&quot;, Cached Etag: " date="2021-12-19T12:04:34.659" /><!-- duration: 1799ms -->
  </step><!-- duration: 5516ms -->
  <step title="DeploymentService.GetDeployResults" date="2021-12-19T12:04:38.004" >
    <step title="DeploymentManager.GetResults" date="2021-12-19T12:04:38.657" /><!-- duration: 312ms -->
  </step><!-- duration: 1015ms -->
  <step title="Outgoing response" date="2021-12-19T12:04:39.190" type="response" statusCode="200" statusText="OK" Server="Microsoft-IIS/10.0" x-ms-request-id="40f1afe4-5b88-4e68-9d6b-40bcd3e93096" ETag="&quot;cc58d33&quot;" Cache-Control="private" X-AspNet-Version="4.0.30319" Content-Type="application/json; charset=utf-8" /><!-- duration: 20ms -->
</step><!-- duration: 12016ms -->
