<step title="BackgroundTrace" date="2021-12-19T12:05:10.455" instance="d9fba3" url="/deploy" method="POST" >
  <step title="Updating shutdown sentinel last write time" date="2021-12-19T12:05:10.676" SemaphoreCount="7" /><!-- duration: 60ms -->
  <step title="LockFile &apos;C:\home\site\locks\deployments.lock&apos; acquired" date="2021-12-19T12:05:10.767" /><!-- duration: 49ms -->
  <step title="Creating temporary deployment" date="2021-12-19T12:05:10.847" /><!-- duration: 686ms -->
  <step title="Performing fetch based deployment" date="2021-12-19T12:05:11.580" >
    <step title="Before sending BuildRequestReceived status to /api/updatedeploystatus" date="2021-12-19T12:05:19.364" /><!-- duration: 0ms -->
    <step title="DeploymentManager.Deploy(id:0781811b377b236b01f278220cd82140fae836b6)" date="2021-12-19T12:05:19.426" >
      <step title="Collecting changeset information" date="2021-12-19T12:05:19.426" /><!-- duration: 47ms -->
      <step title="Updating submodules" date="2021-12-19T12:05:19.473" /><!-- duration: 47ms -->
      <step title="Determining deployment builder" date="2021-12-19T12:05:19.661" >
        <step title="Specific project was specified: c204-app/web/web.csproj" date="2021-12-19T12:05:19.661" /><!-- duration: 20ms -->
        <step title="UseMSBuild16: True" date="2021-12-19T12:05:19.692" /><!-- duration: 19ms -->
        <step title="Builder is AspNetCoreMSBuild1607Builder" date="2021-12-19T12:05:19.901" /><!-- duration: 0ms -->
      </step><!-- duration: 241ms -->
      <step title="Copying SSH keys" date="2021-12-19T12:05:19.926" /><!-- duration: 0ms -->
      <step title="Building" date="2021-12-19T12:05:19.942" >
        <step title="Generating deployment script" date="2021-12-19T12:05:19.989" >
          <step title="Executing external process" date="2021-12-19T12:05:20.117" type="process" path="starter.cmd" arguments="&quot;C:\Program Files (x86)\SiteExtensions\Kudu\95.30831.5373\bin\node_modules\.bin\kuduscript.cmd&quot; -y --no-dot-deployment -r &quot;C:\home\site\repository&quot; -o &quot;C:\home\site\deployments\tools&quot; --aspNetCoreMSBuild1607 &quot;C:\home\site\repository\c204-app\web\web.csproj&quot; --solutionFile &quot;C:\home\site\repository\c204-app\c204-app.sln&quot;" /><!-- duration: 1419ms -->
          <step title="Saved cached version of the deployment script for command -y --no-dot-deployment -r &quot;C:\home\site\repository&quot; -o &quot;C:\home\site\deployments\tools&quot; --aspNetCoreMSBuild1607 &quot;C:\home\site\repository\c204-app\web\web.csproj&quot; --solutionFile &quot;C:\home\site\repository\c204-app\c204-app.sln&quot;" date="2021-12-19T12:05:21.551" /><!-- duration: 0ms -->
        </step><!-- duration: 1563ms -->
        <step title="Executing external process" date="2021-12-19T12:05:21.646" type="process" path="starter.cmd" arguments="&quot;C:\home\site\deployments\tools\deploy.cmd&quot;" /><!-- duration: 76315ms -->
        <step title="Triggering recycle (preview mode disabled)." date="2021-12-19T12:06:38.178" /><!-- duration: 0ms -->
        <step title="Ignoring FS watcher based recycle request as this is a classic Windows app." date="2021-12-19T12:06:38.178" /><!-- duration: 0ms -->
      </step><!-- duration: 78470ms -->
    </step><!-- duration: 79002ms -->
    <step title="Cleaning up temp files" date="2021-12-19T12:06:38.428" /><!-- duration: 49ms -->
    <step title="Skip function trigger and logicapp sync because function is not enabled." date="2021-12-19T12:06:38.507" /><!-- duration: 0ms -->
  </step><!-- duration: 86957ms -->
  <step title="LockFile &apos;C:\home\site\locks\deployments.lock&apos; released" date="2021-12-19T12:06:38.537" /><!-- duration: 0ms -->
  <step title="Deleting shutdown sentinel file" date="2021-12-19T12:06:38.553" SemaphoreCount="8" /><!-- duration: 0ms -->
</step><!-- duration: 88098ms -->
