<step title="BackgroundTrace" date="2021-12-19T13:15:49.683" instance="d9fba3" url="/deploy" method="POST" >
  <step title="Updating shutdown sentinel last write time" date="2021-12-19T13:15:49.733" SemaphoreCount="7" /><!-- duration: 12ms -->
  <step title="LockFile &apos;C:\home\site\locks\deployments.lock&apos; acquired" date="2021-12-19T13:15:49.745" /><!-- duration: 16ms -->
  <step title="Performing fetch based deployment" date="2021-12-19T13:15:49.793" >
    <step title="Creating temporary deployment" date="2021-12-19T13:15:49.793" /><!-- duration: 61ms -->
    <step title="Before sending BuildRequestReceived status to /api/updatedeploystatus" date="2021-12-19T13:15:52.141" /><!-- duration: 16ms -->
    <step title="DeploymentManager.Deploy(id:1b3bddef5ebfd3ac778e61fb625fea8f9c7ed779)" date="2021-12-19T13:15:52.235" >
      <step title="Collecting changeset information" date="2021-12-19T13:15:52.250" /><!-- duration: 31ms -->
      <step title="Updating submodules" date="2021-12-19T13:15:52.282" /><!-- duration: 78ms -->
      <step title="Determining deployment builder" date="2021-12-19T13:15:52.532" >
        <step title="Specific project was specified: c204-app/web/web.csproj" date="2021-12-19T13:15:52.532" /><!-- duration: 16ms -->
        <step title="UseMSBuild16: True" date="2021-12-19T13:15:52.548" /><!-- duration: 0ms -->
        <step title="Builder is AspNetCoreMSBuild1607Builder" date="2021-12-19T13:15:52.739" /><!-- duration: 0ms -->
      </step><!-- duration: 219ms -->
      <step title="Copying SSH keys" date="2021-12-19T13:15:52.766" /><!-- duration: 0ms -->
      <step title="Building" date="2021-12-19T13:15:52.782" >
        <step title="Generating deployment script" date="2021-12-19T13:15:52.831" >
          <step title="Using cached version of the deployment script for command: -y --no-dot-deployment -r &quot;C:\home\site\repository&quot; -o &quot;C:\home\site\deployments\tools&quot; --aspNetCoreMSBuild1607 &quot;C:\home\site\repository\c204-app\web\web.csproj&quot; --solutionFile &quot;C:\home\site\repository\c204-app\c204-app.sln&quot;" date="2021-12-19T13:15:52.875" /><!-- duration: 16ms -->
        </step><!-- duration: 60ms -->
        <step title="Executing external process" date="2021-12-19T13:15:52.985" type="process" path="starter.cmd" arguments="&quot;C:\home\site\deployments\tools\deploy.cmd&quot;" /><!-- duration: 78496ms -->
        <step title="Triggering recycle (preview mode disabled)." date="2021-12-19T13:17:11.963" /><!-- duration: 30ms -->
        <step title="Ignoring FS watcher based recycle request as this is a classic Windows app." date="2021-12-19T13:17:12.006" /><!-- duration: 0ms -->
      </step><!-- duration: 80789ms -->
    </step><!-- duration: 81349ms -->
    <step title="Cleaning up temp files" date="2021-12-19T13:17:13.584" /><!-- duration: 67ms -->
    <step title="Skip function trigger and logicapp sync because function is not enabled." date="2021-12-19T13:17:13.681" /><!-- duration: 13ms -->
  </step><!-- duration: 84250ms -->
  <step title="Begin HttpPost https://webapp-win-web-staging.scm.azurewebsites.net/operations/autoswap?slot=production&amp;operationId=AUTOSWAPef2ed990-e35b-4255-8c56-fcdc4900027d, x-ms-request-id: 5e807177-3710-4d36-acbe-6369e509a11a" date="2021-12-19T13:17:14.243" /><!-- duration: 13ms -->
  <step title="End HttpPost, status: OK" date="2021-12-19T13:17:14.350" /><!-- duration: 0ms -->
  <step title="Requesting auto swap to &apos;production&apos; slot with &apos;AUTOSWAPef2ed990-e35b-4255-8c56-fcdc4900027d&apos; id successful." date="2021-12-19T13:17:14.366" /><!-- duration: 0ms -->
  <step title="LockFile &apos;C:\home\site\locks\deployments.lock&apos; released" date="2021-12-19T13:17:14.381" /><!-- duration: 0ms -->
  <step title="Deleting shutdown sentinel file" date="2021-12-19T13:17:14.381" SemaphoreCount="8" /><!-- duration: 16ms -->
</step><!-- duration: 84714ms -->
