<step title="BackgroundTrace" date="2021-12-19T12:40:07.413" instance="d9fba3" url="/deploy" method="POST" >
  <step title="Updating shutdown sentinel last write time" date="2021-12-19T12:40:07.493" SemaphoreCount="7" /><!-- duration: 0ms -->
  <step title="LockFile &apos;C:\home\site\locks\deployments.lock&apos; acquired" date="2021-12-19T12:40:07.507" /><!-- duration: 16ms -->
  <step title="Performing fetch based deployment" date="2021-12-19T12:40:07.543" >
    <step title="Creating temporary deployment" date="2021-12-19T12:40:07.554" /><!-- duration: 47ms -->
    <step title="Before sending BuildRequestReceived status to /api/updatedeploystatus" date="2021-12-19T12:40:09.538" /><!-- duration: 17ms -->
    <step title="DeploymentManager.Deploy(id:b8094ee4b1525aacd8a91c06445c48f0e8462e4e)" date="2021-12-19T12:40:09.605" >
      <step title="Collecting changeset information" date="2021-12-19T12:40:09.616" /><!-- duration: 31ms -->
      <step title="Updating submodules" date="2021-12-19T12:40:09.666" /><!-- duration: 44ms -->
      <step title="Determining deployment builder" date="2021-12-19T12:40:09.866" >
        <step title="Specific project was specified: c204-app/web/web.csproj" date="2021-12-19T12:40:09.882" /><!-- duration: 17ms -->
        <step title="UseMSBuild16: True" date="2021-12-19T12:40:09.899" /><!-- duration: 14ms -->
        <step title="Builder is AspNetCoreMSBuild1607Builder" date="2021-12-19T12:40:10.070" /><!-- duration: 0ms -->
      </step><!-- duration: 219ms -->
      <step title="Copying SSH keys" date="2021-12-19T12:40:10.100" /><!-- duration: 0ms -->
      <step title="Building" date="2021-12-19T12:40:10.100" >
        <step title="Generating deployment script" date="2021-12-19T12:40:10.163" >
          <step title="Using cached version of the deployment script for command: -y --no-dot-deployment -r &quot;C:\home\site\repository&quot; -o &quot;C:\home\site\deployments\tools&quot; --aspNetCoreMSBuild1607 &quot;C:\home\site\repository\c204-app\web\web.csproj&quot; --solutionFile &quot;C:\home\site\repository\c204-app\c204-app.sln&quot;" date="2021-12-19T12:40:10.212" /><!-- duration: 14ms -->
        </step><!-- duration: 63ms -->
        <step title="Executing external process" date="2021-12-19T12:40:10.324" type="process" path="starter.cmd" arguments="&quot;C:\home\site\deployments\tools\deploy.cmd&quot;" /><!-- duration: 60059ms -->
        <step title="Triggering recycle (preview mode disabled)." date="2021-12-19T12:41:10.586" /><!-- duration: 0ms -->
        <step title="Ignoring FS watcher based recycle request as this is a classic Windows app." date="2021-12-19T12:41:10.602" /><!-- duration: 16ms -->
      </step><!-- duration: 60798ms -->
    </step><!-- duration: 61309ms -->
    <step title="Cleaning up temp files" date="2021-12-19T12:41:10.914" /><!-- duration: 63ms -->
    <step title="Skip function trigger and logicapp sync because function is not enabled." date="2021-12-19T12:41:11.008" /><!-- duration: 0ms -->
  </step><!-- duration: 63496ms -->
  <step title="Begin HttpPost https://webapp-win-web-staging.scm.azurewebsites.net/operations/autoswap?slot=production&amp;operationId=AUTOSWAP06fd1d95-a4df-4b63-b65d-2d2b3f0306c6, x-ms-request-id: eeecac85-c024-4607-ad4b-046d957109a0" date="2021-12-19T12:41:11.258" /><!-- duration: 20ms -->
  <step title="End HttpPost, status: OK" date="2021-12-19T12:41:11.430" /><!-- duration: 16ms -->
  <step title="Requesting auto swap to &apos;production&apos; slot with &apos;AUTOSWAP06fd1d95-a4df-4b63-b65d-2d2b3f0306c6&apos; id successful." date="2021-12-19T12:41:11.446" /><!-- duration: 0ms -->
  <step title="LockFile &apos;C:\home\site\locks\deployments.lock&apos; released" date="2021-12-19T12:41:11.461" /><!-- duration: 0ms -->
  <step title="Deleting shutdown sentinel file" date="2021-12-19T12:41:11.461" SemaphoreCount="8" /><!-- duration: 16ms -->
</step><!-- duration: 64079ms -->
