<step title="BackgroundTrace" date="2021-12-19T12:08:02.671" instance="d9fba3" url="/deploy" method="POST" >
  <step title="Updating shutdown sentinel last write time" date="2021-12-19T12:08:03.032" SemaphoreCount="7" /><!-- duration: 191ms -->
  <step title="LockFile &apos;C:\home\site\locks\deployments.lock&apos; acquired" date="2021-12-19T12:08:03.234" /><!-- duration: 0ms -->
  <step title="Performing fetch based deployment" date="2021-12-19T12:08:03.253" >
    <step title="Creating temporary deployment" date="2021-12-19T12:08:03.265" /><!-- duration: 109ms -->
    <step title="Before sending BuildRequestReceived status to /api/updatedeploystatus" date="2021-12-19T12:08:05.029" /><!-- duration: 15ms -->
    <step title="DeploymentManager.Deploy(id:0016e0520cb34cbdbe8bc247d05b8fc9f33ca199)" date="2021-12-19T12:08:05.109" >
      <step title="Collecting changeset information" date="2021-12-19T12:08:05.122" /><!-- duration: 31ms -->
      <step title="Updating submodules" date="2021-12-19T12:08:05.153" /><!-- duration: 63ms -->
      <step title="Determining deployment builder" date="2021-12-19T12:08:05.356" >
        <step title="Specific project was specified: c204-app/web/web.csproj" date="2021-12-19T12:08:05.356" /><!-- duration: 16ms -->
        <step title="UseMSBuild16: True" date="2021-12-19T12:08:05.392" /><!-- duration: 0ms -->
        <step title="Builder is AspNetCoreMSBuild1607Builder" date="2021-12-19T12:08:05.562" /><!-- duration: 0ms -->
      </step><!-- duration: 206ms -->
      <step title="Copying SSH keys" date="2021-12-19T12:08:05.575" /><!-- duration: 16ms -->
      <step title="Building" date="2021-12-19T12:08:05.591" >
        <step title="Generating deployment script" date="2021-12-19T12:08:05.653" >
          <step title="Using cached version of the deployment script for command: -y --no-dot-deployment -r &quot;C:\home\site\repository&quot; -o &quot;C:\home\site\deployments\tools&quot; --aspNetCoreMSBuild1607 &quot;C:\home\site\repository\c204-app\web\web.csproj&quot; --solutionFile &quot;C:\home\site\repository\c204-app\c204-app.sln&quot;" date="2021-12-19T12:08:05.747" /><!-- duration: 0ms -->
        </step><!-- duration: 109ms -->
        <step title="Executing external process" date="2021-12-19T12:08:05.857" type="process" path="starter.cmd" arguments="&quot;C:\home\site\deployments\tools\deploy.cmd&quot;" /><!-- duration: 67532ms -->
        <step title="Triggering recycle (preview mode disabled)." date="2021-12-19T12:09:13.529" /><!-- duration: 16ms -->
        <step title="Ignoring FS watcher based recycle request as this is a classic Windows app." date="2021-12-19T12:09:13.592" /><!-- duration: 16ms -->
      </step><!-- duration: 68376ms -->
    </step><!-- duration: 68873ms -->
    <step title="Cleaning up temp files" date="2021-12-19T12:09:13.998" /><!-- duration: 49ms -->
    <step title="Skip function trigger and logicapp sync because function is not enabled." date="2021-12-19T12:09:14.077" /><!-- duration: 0ms -->
  </step><!-- duration: 70886ms -->
  <step title="Begin HttpPost https://webapp-win-web-staging.scm.azurewebsites.net/operations/autoswap?slot=production&amp;operationId=AUTOSWAP32bd1caf-ac93-4e03-8b02-3885b3587f83, x-ms-request-id: e9398747-d4be-45cd-8501-3f7cfb205ddc" date="2021-12-19T12:09:14.283" /><!-- duration: 0ms -->
  <step title="End HttpPost, status: OK" date="2021-12-19T12:09:14.455" /><!-- duration: 0ms -->
  <step title="Requesting auto swap to &apos;production&apos; slot with &apos;AUTOSWAP32bd1caf-ac93-4e03-8b02-3885b3587f83&apos; id successful." date="2021-12-19T12:09:14.470" /><!-- duration: 0ms -->
  <step title="LockFile &apos;C:\home\site\locks\deployments.lock&apos; released" date="2021-12-19T12:09:14.486" /><!-- duration: 0ms -->
  <step title="Deleting shutdown sentinel file" date="2021-12-19T12:09:14.517" SemaphoreCount="8" /><!-- duration: 19ms -->
</step><!-- duration: 71877ms -->
