<step title="BackgroundTrace" date="2021-12-19T12:24:26.217" instance="d9fba3" url="/deploy" method="POST" >
  <step title="Updating shutdown sentinel last write time" date="2021-12-19T12:24:26.283" SemaphoreCount="7" /><!-- duration: 13ms -->
  <step title="LockFile &apos;C:\home\site\locks\deployments.lock&apos; acquired" date="2021-12-19T12:24:26.313" /><!-- duration: 141ms -->
  <step title="Performing fetch based deployment" date="2021-12-19T12:24:26.484" >
    <step title="Creating temporary deployment" date="2021-12-19T12:24:26.499" /><!-- duration: 47ms -->
    <step title="Before sending BuildRequestReceived status to /api/updatedeploystatus" date="2021-12-19T12:24:27.806" /><!-- duration: 15ms -->
    <step title="DeploymentManager.Deploy(id:cbf2e3410c02a51e4de13c434aba8b0a0332daab)" date="2021-12-19T12:24:27.868" >
      <step title="Collecting changeset information" date="2021-12-19T12:24:27.883" /><!-- duration: 47ms -->
      <step title="Updating submodules" date="2021-12-19T12:24:27.930" /><!-- duration: 47ms -->
      <step title="Determining deployment builder" date="2021-12-19T12:24:28.118" >
        <step title="Specific project was specified: c204-app/web/web.csproj" date="2021-12-19T12:24:28.118" /><!-- duration: 31ms -->
        <step title="UseMSBuild16: True" date="2021-12-19T12:24:28.164" /><!-- duration: 0ms -->
        <step title="Builder is AspNetCoreMSBuild1607Builder" date="2021-12-19T12:24:28.324" /><!-- duration: 12ms -->
      </step><!-- duration: 219ms -->
      <step title="Copying SSH keys" date="2021-12-19T12:24:28.368" /><!-- duration: 0ms -->
      <step title="Building" date="2021-12-19T12:24:28.368" >
        <step title="Generating deployment script" date="2021-12-19T12:24:28.430" >
          <step title="Using cached version of the deployment script for command: -y --no-dot-deployment -r &quot;C:\home\site\repository&quot; -o &quot;C:\home\site\deployments\tools&quot; --aspNetCoreMSBuild1607 &quot;C:\home\site\repository\c204-app\web\web.csproj&quot; --solutionFile &quot;C:\home\site\repository\c204-app\c204-app.sln&quot;" date="2021-12-19T12:24:28.495" /><!-- duration: 13ms -->
        </step><!-- duration: 78ms -->
        <step title="Executing external process" date="2021-12-19T12:24:28.586" type="process" path="starter.cmd" arguments="&quot;C:\home\site\deployments\tools\deploy.cmd&quot;" /><!-- duration: 65820ms -->
        <step title="Triggering recycle (preview mode disabled)." date="2021-12-19T12:25:39.341" /><!-- duration: 1114ms -->
        <step title="Ignoring FS watcher based recycle request as this is a classic Windows app." date="2021-12-19T12:25:40.827" /><!-- duration: 201ms -->
      </step><!-- duration: 78167ms -->
    </step><!-- duration: 78697ms -->
    <step title="Cleaning up temp files" date="2021-12-19T12:25:46.594" /><!-- duration: 60ms -->
    <step title="Skip function trigger and logicapp sync because function is not enabled." date="2021-12-19T12:25:46.685" /><!-- duration: 31ms -->
  </step><!-- duration: 80281ms -->
  <step title="Begin HttpPost https://webapp-win-web-staging.scm.azurewebsites.net/operations/autoswap?slot=production&amp;operationId=AUTOSWAP18074bce-6156-4dd7-aacf-fd728d3723ea, x-ms-request-id: c13c492d-b84f-424a-8887-24921b00e093" date="2021-12-19T12:25:46.966" /><!-- duration: 20ms -->
  <step title="End HttpPost, status: OK" date="2021-12-19T12:25:47.200" /><!-- duration: 157ms -->
  <step title="Requesting auto swap to &apos;production&apos; slot with &apos;AUTOSWAP18074bce-6156-4dd7-aacf-fd728d3723ea&apos; id successful." date="2021-12-19T12:25:47.388" /><!-- duration: 20ms -->
  <step title="LockFile &apos;C:\home\site\locks\deployments.lock&apos; released" date="2021-12-19T12:25:47.560" /><!-- duration: 31ms -->
  <step title="Deleting shutdown sentinel file" date="2021-12-19T12:25:47.622" SemaphoreCount="8" /><!-- duration: 17ms -->
</step><!-- duration: 81452ms -->
