﻿<?xml version="1.0" encoding="utf-8"?>
<deployment>
  <id>cbf2e3410c02a51e4de13c434aba8b0a0332daab</id>
  <author>pathenk</author>
  <deployer>GitHub</deployer>
  <authorEmail>kontakt@phenkelmann.de</authorEmail>
  <message>wip
</message>
  <progress></progress>
  <status>Success</status>
  <statusText></statusText>
  <lastSuccessEndTime>2021-12-19T12:25:44.8260804Z</lastSuccessEndTime>
  <receivedTime>2021-12-19T12:24:27.8993002Z</receivedTime>
  <startTime>2021-12-19T12:24:28.0711815Z</startTime>
  <endTime>2021-12-19T12:25:44.8260804Z</endTime>
  <complete>True</complete>
  <is_temp>False</is_temp>
  <is_readonly>False</is_readonly>
</deployment>