﻿<?xml version="1.0" encoding="utf-8"?>
<deployment>
  <id>b8094ee4b1525aacd8a91c06445c48f0e8462e4e</id>
  <author>pathenk</author>
  <deployer>GitHub</deployer>
  <authorEmail>kontakt@phenkelmann.de</authorEmail>
  <message>wip4
</message>
  <progress></progress>
  <status>Success</status>
  <statusText></statusText>
  <lastSuccessEndTime>2021-12-19T12:41:10.7272524Z</lastSuccessEndTime>
  <receivedTime>2021-12-19T12:40:09.6321939Z</receivedTime>
  <startTime>2021-12-19T12:40:09.8377981Z</startTime>
  <endTime>2021-12-19T12:41:10.7272524Z</endTime>
  <complete>True</complete>
  <is_temp>False</is_temp>
  <is_readonly>False</is_readonly>
</deployment>