﻿<?xml version="1.0" encoding="utf-8"?>
<deployment>
  <id>0781811b377b236b01f278220cd82140fae836b6</id>
  <author>pathenk</author>
  <deployer>GitHub</deployer>
  <authorEmail>kontakt@phenkelmann.de</authorEmail>
  <message>show env
</message>
  <progress></progress>
  <status>Success</status>
  <statusText></statusText>
  <lastSuccessEndTime>2021-12-19T12:06:38.3055568Z</lastSuccessEndTime>
  <receivedTime>2021-12-19T12:05:19.4424305Z</receivedTime>
  <startTime>2021-12-19T12:05:19.6304937Z</startTime>
  <endTime>2021-12-19T12:06:38.3055568Z</endTime>
  <complete>True</complete>
  <is_temp>False</is_temp>
  <is_readonly>False</is_readonly>
</deployment>