{"TimeStamp":"2021-12-19T13:17:12Z","SiteName":"webapp-win-web","RequestId":"5e807177-3710-4d36-acbe-6369e509a11a","Kind":"GitHub","Status":"Success","Details":"{\"Id\":\"1b3bddef5ebfd3ac778e61fb625fea8f9c7ed779\",\"Status\":4,\"StatusText\":\"\",\"AuthorEmail\":\"kontakt@phenkelmann.de\",\"Author\":\"pathenk\",\"Message\":\"lggoing\\n\",\"Progress\":\"\",\"Deployer\":\"GitHub\",\"ReceivedTime\":\"\\/Date(1639919752266)\\/\",\"StartTime\":\"\\/Date(1639919752458)\\/\",\"EndTime\":\"\\/Date(1639919832355)\\/\",\"LastSuccessEndTime\":\"\\/Date(1639919832355)\\/\",\"Complete\":true,\"IsTemporary\":false,\"IsReadOnly\":false,\"SiteName\":\"webapp-win-web\",\"HostName\":\"webapp-win-web-staging.scm.azurewebsites.net\"}"}