﻿<?xml version="1.0" encoding="utf-8"?>
<deployment>
  <id>0016e0520cb34cbdbe8bc247d05b8fc9f33ca199</id>
  <author>pathenk</author>
  <deployer>GitHub</deployer>
  <authorEmail>kontakt@phenkelmann.de</authorEmail>
  <message>enable autoswap
</message>
  <progress></progress>
  <status>Success</status>
  <statusText></statusText>
  <lastSuccessEndTime>2021-12-19T12:09:13.7523687Z</lastSuccessEndTime>
  <receivedTime>2021-12-19T12:08:05.1381206Z</receivedTime>
  <startTime>2021-12-19T12:08:05.2943801Z</startTime>
  <endTime>2021-12-19T12:09:13.7523687Z</endTime>
  <complete>True</complete>
  <is_temp>False</is_temp>
  <is_readonly>False</is_readonly>
</deployment>