<Events><Event><System><Provider Name=".NET Runtime"/><EventID>1000</EventID><Level>2</Level><Task>0</Task><Keywords>Keywords</Keywords><TimeCreated SystemTime="2021-12-19T12:07:20Z"/><EventRecordID>16935468</EventRecordID><Channel>Application</Channel><Computer>DW0SDWK00000P</Computer><Security/></System><EventData><Data>Category: Microsoft.AspNetCore.DataProtection.KeyManagement.XmlKeyManager
EventId: 35

No XML encryptor configured. Key {8206f6e7-7c5b-4367-9c2b-32a82df32a31} may be persisted to storage in unencrypted form.
</Data></EventData></Event><Event><System><Provider Name="IIS AspNetCore Module V2"/><EventID>1032</EventID><Level>4</Level><Task>0</Task><Keywords>Keywords</Keywords><TimeCreated SystemTime="2021-12-19T12:07:21Z"/><EventRecordID>16936296</EventRecordID><Channel>Application</Channel><Computer>DW0SDWK00000P</Computer><Security/></System><EventData><Data>Application 'C:\home\site\wwwroot\' started successfully.</Data><Data>Process Id: 5248.</Data><Data>File Version: 15.0.21196.9. Description: IIS ASP.NET Core Module V2 Request Handler. Commit: c663adee8e64ba5d379fa0edfb8201984a7df7d0</Data></EventData></Event><Event><System><Provider Name="IIS AspNetCore Module V2"/><EventID>1032</EventID><Level>4</Level><Task>0</Task><Keywords>Keywords</Keywords><TimeCreated SystemTime="2021-12-19T12:07:25Z"/><EventRecordID>16940125</EventRecordID><Channel>Application</Channel><Computer>DW0SDWK00000P</Computer><Security/></System><EventData><Data>Application 'C:\home\site\wwwroot\' started successfully.</Data><Data>Process Id: 692.</Data><Data>File Version: 15.0.21196.9. Description: IIS ASP.NET Core Module V2 Request Handler. Commit: c663adee8e64ba5d379fa0edfb8201984a7df7d0</Data></EventData></Event><Event><System><Provider Name="IIS AspNetCore Module V2"/><EventID>1033</EventID><Level>4</Level><Task>0</Task><Keywords>Keywords</Keywords><TimeCreated SystemTime="2021-12-19T12:07:25Z"/><EventRecordID>16940468</EventRecordID><Channel>Application</Channel><Computer>DW0SDWK00000P</Computer><Security/></System><EventData><Data>Application 'MACHINE/WEBROOT/APPHOST/WEBAPP-WIN-WEB__3774' has shutdown.</Data><Data>Process Id: 5248.</Data><Data>File Version: 15.0.21196.9. Description: IIS ASP.NET Core Module V2 Request Handler. Commit: c663adee8e64ba5d379fa0edfb8201984a7df7d0</Data></EventData></Event><Event><System><Provider Name="IIS AspNetCore Module V2"/><EventID>1012</EventID><Level>4</Level><Task>0</Task><Keywords>Keywords</Keywords><TimeCreated SystemTime="2021-12-19T12:09:08Z"/><EventRecordID>17043390</EventRecordID><Channel>Application</Channel><Computer>DW0SDWK00000P</Computer><Security/></System><EventData><Data>Application 'C:\home\site\wwwroot\' was recycled after detecting app_offline.htm.</Data><Data>Process Id: 692.</Data><Data>File Version: 15.0.21196.9. Description: IIS ASP.NET Core Module V2 Request Handler. Commit: c663adee8e64ba5d379fa0edfb8201984a7df7d0</Data></EventData></Event><Event><System><Provider Name="IIS AspNetCore Module V2"/><EventID>1033</EventID><Level>4</Level><Task>0</Task><Keywords>Keywords</Keywords><TimeCreated SystemTime="2021-12-19T12:09:09Z"/><EventRecordID>17044812</EventRecordID><Channel>Application</Channel><Computer>DW0SDWK00000P</Computer><Security/></System><EventData><Data>Application 'MACHINE/WEBROOT/APPHOST/WEBAPP-WIN-WEB__3774' has shutdown.</Data><Data>Process Id: 692.</Data><Data>File Version: 15.0.21196.9. Description: IIS ASP.NET Core Module V2 Request Handler. Commit: c663adee8e64ba5d379fa0edfb8201984a7df7d0</Data></EventData></Event><Event><System><Provider Name="IIS AspNetCore Module V2"/><EventID>1032</EventID><Level>4</Level><Task>0</Task><Keywords>Keywords</Keywords><TimeCreated SystemTime="2021-12-19T12:09:29Z"/><EventRecordID>17064640</EventRecordID><Channel>Application</Channel><Computer>DW0SDWK00000P</Computer><Security/></System><EventData><Data>Application 'C:\home\site\wwwroot\' started successfully.</Data><Data>Process Id: 2660.</Data><Data>File Version: 15.0.21196.9. Description: IIS ASP.NET Core Module V2 Request Handler. Commit: c663adee8e64ba5d379fa0edfb8201984a7df7d0</Data></EventData></Event><Event><System><Provider Name="IIS AspNetCore Module V2"/><EventID>1032</EventID><Level>4</Level><Task>0</Task><Keywords>Keywords</Keywords><TimeCreated SystemTime="2021-12-19T12:09:32Z"/><EventRecordID>17067640</EventRecordID><Channel>Application</Channel><Computer>DW0SDWK00000P</Computer><Security/></System><EventData><Data>Application 'C:\home\site\wwwroot\' started successfully.</Data><Data>Process Id: 5908.</Data><Data>File Version: 15.0.21196.9. Description: IIS ASP.NET Core Module V2 Request Handler. Commit: c663adee8e64ba5d379fa0edfb8201984a7df7d0</Data></EventData></Event><Event><System><Provider Name="IIS AspNetCore Module V2"/><EventID>1033</EventID><Level>4</Level><Task>0</Task><Keywords>Keywords</Keywords><TimeCreated SystemTime="2021-12-19T12:09:33Z"/><EventRecordID>17068171</EventRecordID><Channel>Application</Channel><Computer>DW0SDWK00000P</Computer><Security/></System><EventData><Data>Application 'MACHINE/WEBROOT/APPHOST/WEBAPP-WIN-WEB__3774' has shutdown.</Data><Data>Process Id: 2660.</Data><Data>File Version: 15.0.21196.9. Description: IIS ASP.NET Core Module V2 Request Handler. Commit: c663adee8e64ba5d379fa0edfb8201984a7df7d0</Data></EventData></Event><Event><System><Provider Name="IIS AspNetCore Module V2"/><EventID>1032</EventID><Level>4</Level><Task>0</Task><Keywords>Keywords</Keywords><TimeCreated SystemTime="2021-12-19T12:21:08Z"/><EventRecordID>17762859</EventRecordID><Channel>Application</Channel><Computer>DW0SDWK00000P</Computer><Security/></System><EventData><Data>Application 'C:\home\site\wwwroot\' started successfully.</Data><Data>Process Id: 6772.</Data><Data>File Version: 15.0.21196.9. Description: IIS ASP.NET Core Module V2 Request Handler. Commit: c663adee8e64ba5d379fa0edfb8201984a7df7d0</Data></EventData></Event><Event><System><Provider Name="IIS AspNetCore Module V2"/><EventID>1033</EventID><Level>4</Level><Task>0</Task><Keywords>Keywords</Keywords><TimeCreated SystemTime="2021-12-19T12:21:08Z"/><EventRecordID>17763093</EventRecordID><Channel>Application</Channel><Computer>DW0SDWK00000P</Computer><Security/></System><EventData><Data>Application 'MACHINE/WEBROOT/APPHOST/WEBAPP-WIN-WEB__3774' has shutdown.</Data><Data>Process Id: 5908.</Data><Data>File Version: 15.0.21196.9. Description: IIS ASP.NET Core Module V2 Request Handler. Commit: c663adee8e64ba5d379fa0edfb8201984a7df7d0</Data></EventData></Event><Event><System><Provider Name="IIS AspNetCore Module V2"/><EventID>1032</EventID><Level>4</Level><Task>0</Task><Keywords>Keywords</Keywords><TimeCreated SystemTime="2021-12-19T12:24:04Z"/><EventRecordID>17939281</EventRecordID><Channel>Application</Channel><Computer>DW0SDWK00000P</Computer><Security/></System><EventData><Data>Application 'C:\home\site\wwwroot\' started successfully.</Data><Data>Process Id: 4432.</Data><Data>File Version: 15.0.21196.9. Description: IIS ASP.NET Core Module V2 Request Handler. Commit: c663adee8e64ba5d379fa0edfb8201984a7df7d0</Data></EventData></Event><Event><System><Provider Name="IIS AspNetCore Module V2"/><EventID>1033</EventID><Level>4</Level><Task>0</Task><Keywords>Keywords</Keywords><TimeCreated SystemTime="2021-12-19T12:24:04Z"/><EventRecordID>17939468</EventRecordID><Channel>Application</Channel><Computer>DW0SDWK00000P</Computer><Security/></System><EventData><Data>Application 'MACHINE/WEBROOT/APPHOST/WEBAPP-WIN-WEB__3774' has shutdown.</Data><Data>Process Id: 6772.</Data><Data>File Version: 15.0.21196.9. Description: IIS ASP.NET Core Module V2 Request Handler. Commit: c663adee8e64ba5d379fa0edfb8201984a7df7d0</Data></EventData></Event><Event><System><Provider Name="IIS AspNetCore Module V2"/><EventID>1032</EventID><Level>4</Level><Task>0</Task><Keywords>Keywords</Keywords><TimeCreated SystemTime="2021-12-19T12:24:56Z"/><EventRecordID>17991203</EventRecordID><Channel>Application</Channel><Computer>DW0SDWK00000P</Computer><Security/></System><EventData><Data>Application 'C:\home\site\wwwroot\' started successfully.</Data><Data>Process Id: 6980.</Data><Data>File Version: 15.0.21196.9. Description: IIS ASP.NET Core Module V2 Request Handler. Commit: c663adee8e64ba5d379fa0edfb8201984a7df7d0</Data></EventData></Event><Event><System><Provider Name="IIS AspNetCore Module V2"/><EventID>1033</EventID><Level>4</Level><Task>0</Task><Keywords>Keywords</Keywords><TimeCreated SystemTime="2021-12-19T12:24:56Z"/><EventRecordID>17991468</EventRecordID><Channel>Application</Channel><Computer>DW0SDWK00000P</Computer><Security/></System><EventData><Data>Application 'MACHINE/WEBROOT/APPHOST/WEBAPP-WIN-WEB__3774' has shutdown.</Data><Data>Process Id: 4432.</Data><Data>File Version: 15.0.21196.9. Description: IIS ASP.NET Core Module V2 Request Handler. Commit: c663adee8e64ba5d379fa0edfb8201984a7df7d0</Data></EventData></Event><Event><System><Provider Name="IIS AspNetCore Module V2"/><EventID>1012</EventID><Level>4</Level><Task>0</Task><Keywords>Keywords</Keywords><TimeCreated SystemTime="2021-12-19T12:25:31Z"/><EventRecordID>18026531</EventRecordID><Channel>Application</Channel><Computer>DW0SDWK00000P</Computer><Security/></System><EventData><Data>Application 'C:\home\site\wwwroot\' was recycled after detecting app_offline.htm.</Data><Data>Process Id: 6980.</Data><Data>File Version: 15.0.21196.9. Description: IIS ASP.NET Core Module V2 Request Handler. Commit: c663adee8e64ba5d379fa0edfb8201984a7df7d0</Data></EventData></Event><Event><System><Provider Name="IIS AspNetCore Module V2"/><EventID>1033</EventID><Level>4</Level><Task>0</Task><Keywords>Keywords</Keywords><TimeCreated SystemTime="2021-12-19T12:25:33Z"/><EventRecordID>18027921</EventRecordID><Channel>Application</Channel><Computer>DW0SDWK00000P</Computer><Security/></System><EventData><Data>Application 'MACHINE/WEBROOT/APPHOST/WEBAPP-WIN-WEB__3774' has shutdown.</Data><Data>Process Id: 6980.</Data><Data>File Version: 15.0.21196.9. Description: IIS ASP.NET Core Module V2 Request Handler. Commit: c663adee8e64ba5d379fa0edfb8201984a7df7d0</Data></EventData></Event><Event><System><Provider Name="IIS AspNetCore Module V2"/><EventID>1032</EventID><Level>4</Level><Task>0</Task><Keywords>Keywords</Keywords><TimeCreated SystemTime="2021-12-19T12:25:39Z"/><EventRecordID>18034171</EventRecordID><Channel>Application</Channel><Computer>DW0SDWK00000P</Computer><Security/></System><EventData><Data>Application 'C:\home\site\wwwroot\' started successfully.</Data><Data>Process Id: 4920.</Data><Data>File Version: 15.0.21196.9. Description: IIS ASP.NET Core Module V2 Request Handler. Commit: c663adee8e64ba5d379fa0edfb8201984a7df7d0</Data></EventData></Event><Event><System><Provider Name="IIS AspNetCore Module V2"/><EventID>1032</EventID><Level>4</Level><Task>0</Task><Keywords>Keywords</Keywords><TimeCreated SystemTime="2021-12-19T12:26:00Z"/><EventRecordID>18055562</EventRecordID><Channel>Application</Channel><Computer>DW0SDWK00000P</Computer><Security/></System><EventData><Data>Application 'C:\home\site\wwwroot\' started successfully.</Data><Data>Process Id: 7140.</Data><Data>File Version: 15.0.21196.9. Description: IIS ASP.NET Core Module V2 Request Handler. Commit: c663adee8e64ba5d379fa0edfb8201984a7df7d0</Data></EventData></Event><Event><System><Provider Name="IIS AspNetCore Module V2"/><EventID>1033</EventID><Level>4</Level><Task>0</Task><Keywords>Keywords</Keywords><TimeCreated SystemTime="2021-12-19T12:26:00Z"/><EventRecordID>18055734</EventRecordID><Channel>Application</Channel><Computer>DW0SDWK00000P</Computer><Security/></System><EventData><Data>Application 'MACHINE/WEBROOT/APPHOST/WEBAPP-WIN-WEB__3774' has shutdown.</Data><Data>Process Id: 4920.</Data><Data>File Version: 15.0.21196.9. Description: IIS ASP.NET Core Module V2 Request Handler. Commit: c663adee8e64ba5d379fa0edfb8201984a7df7d0</Data></EventData></Event><Event><System><Provider Name="IIS AspNetCore Module V2"/><EventID>1032</EventID><Level>4</Level><Task>0</Task><Keywords>Keywords</Keywords><TimeCreated SystemTime="2021-12-19T12:26:06Z"/><EventRecordID>18061734</EventRecordID><Channel>Application</Channel><Computer>DW0SDWK00000P</Computer><Security/></System><EventData><Data>Application 'C:\home\site\wwwroot\' started successfully.</Data><Data>Process Id: 5916.</Data><Data>File Version: 15.0.21196.9. Description: IIS ASP.NET Core Module V2 Request Handler. Commit: c663adee8e64ba5d379fa0edfb8201984a7df7d0</Data></EventData></Event><Event><System><Provider Name="IIS AspNetCore Module V2"/><EventID>1033</EventID><Level>4</Level><Task>0</Task><Keywords>Keywords</Keywords><TimeCreated SystemTime="2021-12-19T12:26:07Z"/><EventRecordID>18061984</EventRecordID><Channel>Application</Channel><Computer>DW0SDWK00000P</Computer><Security/></System><EventData><Data>Application 'MACHINE/WEBROOT/APPHOST/WEBAPP-WIN-WEB__3774' has shutdown.</Data><Data>Process Id: 7140.</Data><Data>File Version: 15.0.21196.9. Description: IIS ASP.NET Core Module V2 Request Handler. Commit: c663adee8e64ba5d379fa0edfb8201984a7df7d0</Data></EventData></Event><Event><System><Provider Name="W3SVC-WP"/><EventID>2303</EventID><Level>2</Level><Task>0</Task><Keywords>Keywords</Keywords><TimeCreated SystemTime="2021-12-19T12:30:21Z"/><EventRecordID>18316250</EventRecordID><Channel>Application</Channel><Computer>DW0SDWK00000P</Computer><Security/></System><EventData><Data>webapp-win-web__3774</Data><Binary>02000780</Binary></EventData></Event><Event><System><Provider Name="W3SVC-WP"/><EventID>2303</EventID><Level>2</Level><Task>0</Task><Keywords>Keywords</Keywords><TimeCreated SystemTime="2021-12-19T12:30:23Z"/><EventRecordID>18318046</EventRecordID><Channel>Application</Channel><Computer>DW0SDWK00000P</Computer><Security/></System><EventData><Data>webapp-win-web__3774</Data><Binary>02000780</Binary></EventData></Event><Event><System><Provider Name="IIS AspNetCore Module V2"/><EventID>1033</EventID><Level>4</Level><Task>0</Task><Keywords>Keywords</Keywords><TimeCreated SystemTime="2021-12-19T12:30:25Z"/><EventRecordID>18320296</EventRecordID><Channel>Application</Channel><Computer>DW0SDWK00000P</Computer><Security/></System><EventData><Data>Application 'MACHINE/WEBROOT/APPHOST/WEBAPP-WIN-WEB__3774' has shutdown.</Data><Data>Process Id: 5916.</Data><Data>File Version: 15.0.21196.9. Description: IIS ASP.NET Core Module V2 Request Handler. Commit: c663adee8e64ba5d379fa0edfb8201984a7df7d0</Data></EventData></Event><Event><System><Provider Name="IIS AspNetCore Module V2"/><EventID>1032</EventID><Level>4</Level><Task>0</Task><Keywords>Keywords</Keywords><TimeCreated SystemTime="2021-12-19T12:30:33Z"/><EventRecordID>18328687</EventRecordID><Channel>Application</Channel><Computer>DW0SDWK00000P</Computer><Security/></System><EventData><Data>Application 'C:\home\site\wwwroot\' started successfully.</Data><Data>Process Id: 5328.</Data><Data>File Version: 15.0.21196.9. Description: IIS ASP.NET Core Module V2 Request Handler. Commit: c663adee8e64ba5d379fa0edfb8201984a7df7d0</Data></EventData></Event><Event><System><Provider Name="W3SVC-WP"/><EventID>2303</EventID><Level>2</Level><Task>0</Task><Keywords>Keywords</Keywords><TimeCreated SystemTime="2021-12-19T12:32:15Z"/><EventRecordID>18430750</EventRecordID><Channel>Application</Channel><Computer>DW0SDWK00000P</Computer><Security/></System><EventData><Data>webapp-win-web__3774</Data><Binary>02000780</Binary></EventData></Event><Event><System><Provider Name="W3SVC-WP"/><EventID>2303</EventID><Level>2</Level><Task>0</Task><Keywords>Keywords</Keywords><TimeCreated SystemTime="2021-12-19T12:32:16Z"/><EventRecordID>18430890</EventRecordID><Channel>Application</Channel><Computer>DW0SDWK00000P</Computer><Security/></System><EventData><Data>webapp-win-web__3774</Data><Binary>02000780</Binary></EventData></Event><Event><System><Provider Name="IIS AspNetCore Module V2"/><EventID>1033</EventID><Level>4</Level><Task>0</Task><Keywords>Keywords</Keywords><TimeCreated SystemTime="2021-12-19T12:32:16Z"/><EventRecordID>18431015</EventRecordID><Channel>Application</Channel><Computer>DW0SDWK00000P</Computer><Security/></System><EventData><Data>Application 'MACHINE/WEBROOT/APPHOST/WEBAPP-WIN-WEB__3774' has shutdown.</Data><Data>Process Id: 5328.</Data><Data>File Version: 15.0.21196.9. Description: IIS ASP.NET Core Module V2 Request Handler. Commit: c663adee8e64ba5d379fa0edfb8201984a7df7d0</Data></EventData></Event><Event><System><Provider Name="IIS AspNetCore Module V2"/><EventID>1032</EventID><Level>4</Level><Task>0</Task><Keywords>Keywords</Keywords><TimeCreated SystemTime="2021-12-19T12:32:19Z"/><EventRecordID>18434187</EventRecordID><Channel>Application</Channel><Computer>DW0SDWK00000P</Computer><Security/></System><EventData><Data>Application 'C:\home\site\wwwroot\' started successfully.</Data><Data>Process Id: 6884.</Data><Data>File Version: 15.0.21196.9. Description: IIS ASP.NET Core Module V2 Request Handler. Commit: c663adee8e64ba5d379fa0edfb8201984a7df7d0</Data></EventData></Event><Event><System><Provider Name="IIS AspNetCore Module V2"/><EventID>1012</EventID><Level>4</Level><Task>0</Task><Keywords>Keywords</Keywords><TimeCreated SystemTime="2021-12-19T12:41:07Z"/><EventRecordID>18961843</EventRecordID><Channel>Application</Channel><Computer>DW0SDWK00000P</Computer><Security/></System><EventData><Data>Application 'C:\home\site\wwwroot\' was recycled after detecting app_offline.htm.</Data><Data>Process Id: 6884.</Data><Data>File Version: 15.0.21196.9. Description: IIS ASP.NET Core Module V2 Request Handler. Commit: c663adee8e64ba5d379fa0edfb8201984a7df7d0</Data></EventData></Event><Event><System><Provider Name="IIS AspNetCore Module V2"/><EventID>1033</EventID><Level>4</Level><Task>0</Task><Keywords>Keywords</Keywords><TimeCreated SystemTime="2021-12-19T12:41:07Z"/><EventRecordID>18961968</EventRecordID><Channel>Application</Channel><Computer>DW0SDWK00000P</Computer><Security/></System><EventData><Data>Application 'MACHINE/WEBROOT/APPHOST/WEBAPP-WIN-WEB__3774' has shutdown.</Data><Data>Process Id: 6884.</Data><Data>File Version: 15.0.21196.9. Description: IIS ASP.NET Core Module V2 Request Handler. Commit: c663adee8e64ba5d379fa0edfb8201984a7df7d0</Data></EventData></Event><Event><System><Provider Name="IIS AspNetCore Module V2"/><EventID>1032</EventID><Level>4</Level><Task>0</Task><Keywords>Keywords</Keywords><TimeCreated SystemTime="2021-12-19T12:41:19Z"/><EventRecordID>18973984</EventRecordID><Channel>Application</Channel><Computer>DW0SDWK00000P</Computer><Security/></System><EventData><Data>Application 'C:\home\site\wwwroot\' started successfully.</Data><Data>Process Id: 7148.</Data><Data>File Version: 15.0.21196.9. Description: IIS ASP.NET Core Module V2 Request Handler. Commit: c663adee8e64ba5d379fa0edfb8201984a7df7d0</Data></EventData></Event><Event><System><Provider Name="IIS AspNetCore Module V2"/><EventID>1032</EventID><Level>4</Level><Task>0</Task><Keywords>Keywords</Keywords><TimeCreated SystemTime="2021-12-19T12:41:22Z"/><EventRecordID>18976890</EventRecordID><Channel>Application</Channel><Computer>DW0SDWK00000P</Computer><Security/></System><EventData><Data>Application 'C:\home\site\wwwroot\' started successfully.</Data><Data>Process Id: 2196.</Data><Data>File Version: 15.0.21196.9. Description: IIS ASP.NET Core Module V2 Request Handler. Commit: c663adee8e64ba5d379fa0edfb8201984a7df7d0</Data></EventData></Event><Event><System><Provider Name="IIS AspNetCore Module V2"/><EventID>1033</EventID><Level>4</Level><Task>0</Task><Keywords>Keywords</Keywords><TimeCreated SystemTime="2021-12-19T12:41:22Z"/><EventRecordID>18977109</EventRecordID><Channel>Application</Channel><Computer>DW0SDWK00000P</Computer><Security/></System><EventData><Data>Application 'MACHINE/WEBROOT/APPHOST/WEBAPP-WIN-WEB__3774' has shutdown.</Data><Data>Process Id: 7148.</Data><Data>File Version: 15.0.21196.9. Description: IIS ASP.NET Core Module V2 Request Handler. Commit: c663adee8e64ba5d379fa0edfb8201984a7df7d0</Data></EventData></Event><Event><System><Provider Name="W3SVC-WP"/><EventID>2303</EventID><Level>2</Level><Task>0</Task><Keywords>Keywords</Keywords><TimeCreated SystemTime="2021-12-19T12:55:05Z"/><EventRecordID>19800468</EventRecordID><Channel>Application</Channel><Computer>DW0SDWK00000P</Computer><Security/></System><EventData><Data>webapp-win-web__3774</Data><Binary>02000780</Binary></EventData></Event><Event><System><Provider Name="W3SVC-WP"/><EventID>2303</EventID><Level>2</Level><Task>0</Task><Keywords>Keywords</Keywords><TimeCreated SystemTime="2021-12-19T12:55:05Z"/><EventRecordID>19800500</EventRecordID><Channel>Application</Channel><Computer>DW0SDWK00000P</Computer><Security/></System><EventData><Data>webapp-win-web__3774</Data><Binary>02000780</Binary></EventData></Event><Event><System><Provider Name="IIS AspNetCore Module V2"/><EventID>1033</EventID><Level>4</Level><Task>0</Task><Keywords>Keywords</Keywords><TimeCreated SystemTime="2021-12-19T12:55:05Z"/><EventRecordID>19800578</EventRecordID><Channel>Application</Channel><Computer>DW0SDWK00000P</Computer><Security/></System><EventData><Data>Application 'MACHINE/WEBROOT/APPHOST/WEBAPP-WIN-WEB__3774' has shutdown.</Data><Data>Process Id: 2196.</Data><Data>File Version: 15.0.21196.9. Description: IIS ASP.NET Core Module V2 Request Handler. Commit: c663adee8e64ba5d379fa0edfb8201984a7df7d0</Data></EventData></Event><Event><System><Provider Name="IIS AspNetCore Module V2"/><EventID>1032</EventID><Level>4</Level><Task>0</Task><Keywords>Keywords</Keywords><TimeCreated SystemTime="2021-12-19T12:55:12Z"/><EventRecordID>19806937</EventRecordID><Channel>Application</Channel><Computer>DW0SDWK00000P</Computer><Security/></System><EventData><Data>Application 'C:\home\site\wwwroot\' started successfully.</Data><Data>Process Id: 5192.</Data><Data>File Version: 15.0.21196.9. Description: IIS ASP.NET Core Module V2 Request Handler. Commit: c663adee8e64ba5d379fa0edfb8201984a7df7d0</Data></EventData></Event><Event><System><Provider Name="IIS AspNetCore Module V2"/><EventID>1032</EventID><Level>4</Level><Task>0</Task><Keywords>Keywords</Keywords><TimeCreated SystemTime="2021-12-19T12:55:29Z"/><EventRecordID>19824468</EventRecordID><Channel>Application</Channel><Computer>DW0SDWK00000P</Computer><Security/></System><EventData><Data>Application 'C:\home\site\wwwroot\' started successfully.</Data><Data>Process Id: 6308.</Data><Data>File Version: 15.0.21196.9. Description: IIS ASP.NET Core Module V2 Request Handler. Commit: c663adee8e64ba5d379fa0edfb8201984a7df7d0</Data></EventData></Event><Event><System><Provider Name="IIS AspNetCore Module V2"/><EventID>1033</EventID><Level>4</Level><Task>0</Task><Keywords>Keywords</Keywords><TimeCreated SystemTime="2021-12-19T12:55:30Z"/><EventRecordID>19825187</EventRecordID><Channel>Application</Channel><Computer>DW0SDWK00000P</Computer><Security/></System><EventData><Data>Application 'MACHINE/WEBROOT/APPHOST/WEBAPP-WIN-WEB__3774' has shutdown.</Data><Data>Process Id: 5192.</Data><Data>File Version: 15.0.21196.9. Description: IIS ASP.NET Core Module V2 Request Handler. Commit: c663adee8e64ba5d379fa0edfb8201984a7df7d0</Data></EventData></Event><Event><System><Provider Name="IIS AspNetCore Module V2"/><EventID>1032</EventID><Level>4</Level><Task>0</Task><Keywords>Keywords</Keywords><TimeCreated SystemTime="2021-12-19T12:58:39Z"/><EventRecordID>20014640</EventRecordID><Channel>Application</Channel><Computer>DW0SDWK00000P</Computer><Security/></System><EventData><Data>Application 'C:\home\site\wwwroot\' started successfully.</Data><Data>Process Id: 7100.</Data><Data>File Version: 15.0.21196.9. Description: IIS ASP.NET Core Module V2 Request Handler. Commit: c663adee8e64ba5d379fa0edfb8201984a7df7d0</Data></EventData></Event><Event><System><Provider Name="IIS AspNetCore Module V2"/><EventID>1033</EventID><Level>4</Level><Task>0</Task><Keywords>Keywords</Keywords><TimeCreated SystemTime="2021-12-19T12:58:40Z"/><EventRecordID>20014828</EventRecordID><Channel>Application</Channel><Computer>DW0SDWK00000P</Computer><Security/></System><EventData><Data>Application 'MACHINE/WEBROOT/APPHOST/WEBAPP-WIN-WEB__3774' has shutdown.</Data><Data>Process Id: 6308.</Data><Data>File Version: 15.0.21196.9. Description: IIS ASP.NET Core Module V2 Request Handler. Commit: c663adee8e64ba5d379fa0edfb8201984a7df7d0</Data></EventData></Event><Event><System><Provider Name="W3SVC-WP"/><EventID>2303</EventID><Level>2</Level><Task>0</Task><Keywords>Keywords</Keywords><TimeCreated SystemTime="2021-12-19T13:03:28Z"/><EventRecordID>20303359</EventRecordID><Channel>Application</Channel><Computer>DW0SDWK00000P</Computer><Security/></System><EventData><Data>webapp-win-web__3774</Data><Binary>02000780</Binary></EventData></Event><Event><System><Provider Name="W3SVC-WP"/><EventID>2303</EventID><Level>2</Level><Task>0</Task><Keywords>Keywords</Keywords><TimeCreated SystemTime="2021-12-19T13:03:28Z"/><EventRecordID>20303609</EventRecordID><Channel>Application</Channel><Computer>DW0SDWK00000P</Computer><Security/></System><EventData><Data>webapp-win-web__3774</Data><Binary>02000780</Binary></EventData></Event><Event><System><Provider Name="IIS AspNetCore Module V2"/><EventID>1033</EventID><Level>4</Level><Task>0</Task><Keywords>Keywords</Keywords><TimeCreated SystemTime="2021-12-19T13:03:30Z"/><EventRecordID>20305015</EventRecordID><Channel>Application</Channel><Computer>DW0SDWK00000P</Computer><Security/></System><EventData><Data>Application 'MACHINE/WEBROOT/APPHOST/WEBAPP-WIN-WEB__3774' has shutdown.</Data><Data>Process Id: 7100.</Data><Data>File Version: 15.0.21196.9. Description: IIS ASP.NET Core Module V2 Request Handler. Commit: c663adee8e64ba5d379fa0edfb8201984a7df7d0</Data></EventData></Event><Event><System><Provider Name="IIS AspNetCore Module V2"/><EventID>1032</EventID><Level>4</Level><Task>0</Task><Keywords>Keywords</Keywords><TimeCreated SystemTime="2021-12-19T13:03:31Z"/><EventRecordID>20306484</EventRecordID><Channel>Application</Channel><Computer>DW0SDWK00000P</Computer><Security/></System><EventData><Data>Application 'C:\home\site\wwwroot\' started successfully.</Data><Data>Process Id: 6560.</Data><Data>File Version: 15.0.21196.9. Description: IIS ASP.NET Core Module V2 Request Handler. Commit: c663adee8e64ba5d379fa0edfb8201984a7df7d0</Data></EventData></Event><Event><System><Provider Name="IIS AspNetCore Module V2"/><EventID>1032</EventID><Level>4</Level><Task>0</Task><Keywords>Keywords</Keywords><TimeCreated SystemTime="2021-12-19T13:04:32Z"/><EventRecordID>20366843</EventRecordID><Channel>Application</Channel><Computer>DW0SDWK00000P</Computer><Security/></System><EventData><Data>Application 'C:\home\site\wwwroot\' started successfully.</Data><Data>Process Id: 4696.</Data><Data>File Version: 15.0.21196.9. Description: IIS ASP.NET Core Module V2 Request Handler. Commit: c663adee8e64ba5d379fa0edfb8201984a7df7d0</Data></EventData></Event><Event><System><Provider Name="IIS AspNetCore Module V2"/><EventID>1033</EventID><Level>4</Level><Task>0</Task><Keywords>Keywords</Keywords><TimeCreated SystemTime="2021-12-19T13:04:32Z"/><EventRecordID>20367109</EventRecordID><Channel>Application</Channel><Computer>DW0SDWK00000P</Computer><Security/></System><EventData><Data>Application 'MACHINE/WEBROOT/APPHOST/WEBAPP-WIN-WEB__3774' has shutdown.</Data><Data>Process Id: 6560.</Data><Data>File Version: 15.0.21196.9. Description: IIS ASP.NET Core Module V2 Request Handler. Commit: c663adee8e64ba5d379fa0edfb8201984a7df7d0</Data></EventData></Event><Event><System><Provider Name="IIS AspNetCore Module V2"/><EventID>1012</EventID><Level>4</Level><Task>0</Task><Keywords>Keywords</Keywords><TimeCreated SystemTime="2021-12-19T13:17:05Z"/><EventRecordID>21120265</EventRecordID><Channel>Application</Channel><Computer>DW0SDWK00000P</Computer><Security/></System><EventData><Data>Application 'C:\home\site\wwwroot\' was recycled after detecting app_offline.htm.</Data><Data>Process Id: 4696.</Data><Data>File Version: 15.0.21196.9. Description: IIS ASP.NET Core Module V2 Request Handler. Commit: c663adee8e64ba5d379fa0edfb8201984a7df7d0</Data></EventData></Event><Event><System><Provider Name="IIS AspNetCore Module V2"/><EventID>1033</EventID><Level>4</Level><Task>0</Task><Keywords>Keywords</Keywords><TimeCreated SystemTime="2021-12-19T13:17:07Z"/><EventRecordID>21121921</EventRecordID><Channel>Application</Channel><Computer>DW0SDWK00000P</Computer><Security/></System><EventData><Data>Application 'MACHINE/WEBROOT/APPHOST/WEBAPP-WIN-WEB__3774' has shutdown.</Data><Data>Process Id: 4696.</Data><Data>File Version: 15.0.21196.9. Description: IIS ASP.NET Core Module V2 Request Handler. Commit: c663adee8e64ba5d379fa0edfb8201984a7df7d0</Data></EventData></Event><Event><System><Provider Name="IIS AspNetCore Module V2"/><EventID>1032</EventID><Level>4</Level><Task>0</Task><Keywords>Keywords</Keywords><TimeCreated SystemTime="2021-12-19T13:17:13Z"/><EventRecordID>21128093</EventRecordID><Channel>Application</Channel><Computer>DW0SDWK00000P</Computer><Security/></System><EventData><Data>Application 'C:\home\site\wwwroot\' started successfully.</Data><Data>Process Id: 6336.</Data><Data>File Version: 15.0.21196.9. Description: IIS ASP.NET Core Module V2 Request Handler. Commit: c663adee8e64ba5d379fa0edfb8201984a7df7d0</Data></EventData></Event><Event><System><Provider Name="IIS AspNetCore Module V2"/><EventID>1032</EventID><Level>4</Level><Task>0</Task><Keywords>Keywords</Keywords><TimeCreated SystemTime="2021-12-19T13:17:24Z"/><EventRecordID>21139703</EventRecordID><Channel>Application</Channel><Computer>DW0SDWK00000P</Computer><Security/></System><EventData><Data>Application 'C:\home\site\wwwroot\' started successfully.</Data><Data>Process Id: 7100.</Data><Data>File Version: 15.0.21196.9. Description: IIS ASP.NET Core Module V2 Request Handler. Commit: c663adee8e64ba5d379fa0edfb8201984a7df7d0</Data></EventData></Event><Event><System><Provider Name="IIS AspNetCore Module V2"/><EventID>1033</EventID><Level>4</Level><Task>0</Task><Keywords>Keywords</Keywords><TimeCreated SystemTime="2021-12-19T13:17:25Z"/><EventRecordID>21140578</EventRecordID><Channel>Application</Channel><Computer>DW0SDWK00000P</Computer><Security/></System><EventData><Data>Application 'MACHINE/WEBROOT/APPHOST/WEBAPP-WIN-WEB__3774' has shutdown.</Data><Data>Process Id: 6336.</Data><Data>File Version: 15.0.21196.9. Description: IIS ASP.NET Core Module V2 Request Handler. Commit: c663adee8e64ba5d379fa0edfb8201984a7df7d0</Data></EventData></Event><Event><System><Provider Name="IIS AspNetCore Module V2"/><EventID>1032</EventID><Level>4</Level><Task>0</Task><Keywords>Keywords</Keywords><TimeCreated SystemTime="2021-12-19T13:27:02Z"/><EventRecordID>21716890</EventRecordID><Channel>Application</Channel><Computer>DW0SDWK00000P</Computer><Security/></System><EventData><Data>Application 'C:\home\site\wwwroot\' started successfully.</Data><Data>Process Id: 4208.</Data><Data>File Version: 15.0.21196.9. Description: IIS ASP.NET Core Module V2 Request Handler. Commit: c663adee8e64ba5d379fa0edfb8201984a7df7d0</Data></EventData></Event><Event><System><Provider Name="IIS AspNetCore Module V2"/><EventID>1033</EventID><Level>4</Level><Task>0</Task><Keywords>Keywords</Keywords><TimeCreated SystemTime="2021-12-19T13:27:02Z"/><EventRecordID>21717140</EventRecordID><Channel>Application</Channel><Computer>DW0SDWK00000P</Computer><Security/></System><EventData><Data>Application 'MACHINE/WEBROOT/APPHOST/WEBAPP-WIN-WEB__3774' has shutdown.</Data><Data>Process Id: 7100.</Data><Data>File Version: 15.0.21196.9. Description: IIS ASP.NET Core Module V2 Request Handler. Commit: c663adee8e64ba5d379fa0edfb8201984a7df7d0</Data></EventData></Event></Events>